{
  "platt_a": -3.128601312637329,
  "platt_b": 2.1524243354797363,
  "feature_names": [
    "info_ratio",
    "log_volume_total",
    "days_left"
  ]
}